{"cameraMode":{"drawMode":0,"name":"Shaded","section":"Shading Mode"},"sceneLighting":false,"audioPlay":false,"sceneViewState":{"m_AlwaysRefresh":false,"showFog":true,"showSkybox":false,"showFlares":true,"showImageEffects":true,"showParticleSystems":true,"showVisualEffectGraphs":true,"m_FxEnabled":false},"in2DMode":false,"pivot":{"x":-0.1879492700099945,"y":0.20065483450889588,"z":-0.03309701755642891},"rotation":{"x":-0.17021670937538148,"y":-0.7330350875854492,"z":0.19815374910831452,"w":-0.6279454231262207},"size":0.34923169016838076,"orthographic":false}