{"cameraMode":{"drawMode":0,"name":"Shaded","section":"Shading Mode"},"sceneLighting":true,"audioPlay":false,"sceneViewState":{"m_AlwaysRefresh":false,"showFog":true,"showSkybox":true,"showFlares":true,"showImageEffects":true,"showParticleSystems":true,"showVisualEffectGraphs":true,"m_FxEnabled":false},"in2DMode":false,"pivot":{"x":32.51705551147461,"y":4.555661201477051,"z":26.821035385131837},"rotation":{"x":-0.032500311732292178,"y":0.9671668410301209,"z":-0.16485023498535157,"w":-0.19067640602588654},"size":0.24882788956165315,"orthographic":false}