{"cameraMode":{"drawMode":0,"name":"Shaded","section":"Shading Mode"},"sceneLighting":true,"audioPlay":false,"sceneViewState":{"m_AlwaysRefresh":false,"showFog":true,"showSkybox":true,"showFlares":true,"showImageEffects":true,"showParticleSystems":true,"showVisualEffectGraphs":true,"m_FxEnabled":false},"in2DMode":false,"pivot":{"x":32.72324752807617,"y":0.14792901277542115,"z":22.139196395874025},"rotation":{"x":0.041225336492061618,"y":0.7481405735015869,"z":-0.046687766909599307,"w":0.6606125235557556},"size":4.138645648956299,"orthographic":false}