{"cameraMode":{"drawMode":0,"name":"Shaded","section":"Shading Mode"},"sceneLighting":true,"audioPlay":false,"sceneViewState":{"m_AlwaysRefresh":false,"showFog":true,"showSkybox":true,"showFlares":true,"showImageEffects":true,"showParticleSystems":true,"showVisualEffectGraphs":true,"m_FxEnabled":false},"in2DMode":false,"pivot":{"x":-6.792366981506348,"y":15.966434478759766,"z":-28.585289001464845},"rotation":{"x":-0.056509315967559817,"y":0.15551108121871949,"z":-0.009320374578237534,"w":-0.986115038394928},"size":13.863054275512696,"orthographic":false}