{"cameraMode":{"drawMode":0,"name":"Shaded","section":"Shading Mode"},"sceneLighting":true,"audioPlay":false,"sceneViewState":{"m_AlwaysRefresh":false,"showFog":true,"showSkybox":true,"showFlares":true,"showImageEffects":true,"showParticleSystems":true,"showVisualEffectGraphs":true,"m_FxEnabled":false},"in2DMode":false,"pivot":{"x":0.9620990753173828,"y":0.8300632238388062,"z":-0.036051418632268909},"rotation":{"x":0.012961222790181637,"y":-0.9726196527481079,"z":0.2244800180196762,"w":0.05779507756233215},"size":1.1284034252166749,"orthographic":false}