{"cameraMode":{"drawMode":0,"name":"Shaded","section":"Shading Mode"},"sceneLighting":true,"audioPlay":false,"sceneViewState":{"m_AlwaysRefresh":false,"showFog":true,"showSkybox":true,"showFlares":true,"showImageEffects":true,"showParticleSystems":true,"showVisualEffectGraphs":true,"m_FxEnabled":false},"in2DMode":false,"pivot":{"x":-0.7216034531593323,"y":2.8782126903533937,"z":2.0885448455810549},"rotation":{"x":0.01705249771475792,"y":-0.586628258228302,"z":0.012773237191140652,"w":0.8095207810401917},"size":0.48661917448043826,"orthographic":false}