{"cameraMode":{"drawMode":0,"name":"Shaded","section":"Shading Mode"},"sceneLighting":true,"audioPlay":false,"sceneViewState":{"m_AlwaysRefresh":false,"showFog":true,"showSkybox":true,"showFlares":true,"showImageEffects":true,"showParticleSystems":true,"showVisualEffectGraphs":true,"m_FxEnabled":false},"in2DMode":false,"pivot":{"x":24.420345306396486,"y":4.310053825378418,"z":19.620784759521486},"rotation":{"x":0.11757920682430268,"y":0.4914008378982544,"z":-0.06715743988752365,"w":0.8603437542915344},"size":0.24882788956165315,"orthographic":false}