{"cameraMode":{"drawMode":0,"name":"Shaded","section":"Shading Mode"},"sceneLighting":true,"audioPlay":false,"sceneViewState":{"m_AlwaysRefresh":false,"showFog":true,"showSkybox":true,"showFlares":true,"showImageEffects":true,"showParticleSystems":true,"showVisualEffectGraphs":true,"m_FxEnabled":false},"in2DMode":false,"pivot":{"x":-11.853883743286133,"y":7.189367294311523,"z":2.5368824005126955},"rotation":{"x":-0.08647624403238297,"y":-0.7919886112213135,"z":0.11489297449588776,"w":-0.5932906270027161},"size":0.24882793426513673,"orthographic":false}