{"cameraMode":{"drawMode":0,"name":"Shaded","section":"Shading Mode"},"sceneLighting":true,"audioPlay":false,"sceneViewState":{"m_AlwaysRefresh":false,"showFog":true,"showSkybox":true,"showFlares":true,"showImageEffects":true,"showParticleSystems":true,"showVisualEffectGraphs":true,"m_FxEnabled":false},"in2DMode":false,"pivot":{"x":0.30656006932258608,"y":1.5327937602996827,"z":-0.6824440360069275},"rotation":{"x":-0.004451663699001074,"y":-0.9952815175056458,"z":0.08258736878633499,"w":-0.0497102327644825},"size":1.491102933883667,"orthographic":false}